{
    "gopro3": {
        "euler_ZYX": [
            0.0,
            0.0,
            0.0
        ],
        "t": [
            0.0,
            0.0,
            0.0
        ]
    },
    "gopro2": {
        "euler_ZYX": [
            48.67088814787231,
            51.982747822703516,
            14.039492507251936
        ],
        "t": [
            -2.3299476276577593,
            -1.3705700834125947,
            2.2744359588535343
        ]
    },
    "gopro5": {
        "euler_ZYX": [
            -131.95134473672667,
            -48.5025789027369,
            97.83700655942494
        ],
        "t": [
            2.157165604094803,
            -2.109936442966434,
            4.531774251063264
        ]
    },
    "gopro6": {
        "euler_ZYX": [
            -168.96279932321028,
            -1.3529595084619572,
            117.24808582528047
        ],
        "t": [
            0.41255431603948617,
            -3.6616314144308846,
            6.781932348476497
        ]
    },
    "gopro1": {
        "euler_ZYX": [
            163.30613383174148,
            32.047529696725306,
            110.43222803975831
        ],
        "t": [
            -1.7946370703564298,
            -3.352555042285687,
            5.506578548831724
        ]
    },
    "gopro4": {
        "euler_ZYX": [
            -39.287103741653475,
            -51.64730749592956,
            22.130921096050475
        ],
        "t": [
            3.3916567632553023,
            -0.648181038862717,
            1.7994126894685716
        ]
    }
}