{
    "per_camera_group": {
        "all": {
            "mean_error": 0.13117252449276628,
            "std_error": 0.12714313531191043,
            "mean_view_score": 186.66666666666666,
            "mean_n_corres": 593.8333333333334
        }
    },
    "per_camera": {
        "gopro3": {
            "mean_error": 0.14941772749574295,
            "std_error": 0.13936060738434836,
            "view_score": 180,
            "n_corres": 765
        },
        "gopro2": {
            "mean_error": 0.12345337648574324,
            "std_error": 0.11466916095353011,
            "view_score": 216,
            "n_corres": 787
        },
        "gopro5": {
            "mean_error": 0.13862054377051966,
            "std_error": 0.1440894752917477,
            "view_score": 216,
            "n_corres": 412
        },
        "gopro6": {
            "mean_error": 0.1225785558137006,
            "std_error": 0.10345119083966764,
            "view_score": 188,
            "n_corres": 624
        },
        "gopro1": {
            "mean_error": 0.11099532755644634,
            "std_error": 0.10457095508439096,
            "view_score": 224,
            "n_corres": 689
        },
        "gopro4": {
            "mean_error": 0.16024081255807054,
            "std_error": 0.1747393830181029,
            "view_score": 96,
            "n_corres": 286
        }
    },
    "success_rate": {
        "n_cameras_to_reconstruct": null,
        "n_cameras_reconstructed": null,
        "success_rate": null
    }
}